"id","username","password","birthday","district","billing_address","payment_method","email"
16576,"Randall Carrillo","pnygkiuiuz","1970-04-02","New Zealand","663 William Plains Apt. 266
North Allison, KS 19843","BTTA09995321921221","whancock@hotmail.com"
12156,"Lori Allen","urjsfftwjq","2019-01-03","Ukraine","075 Rick Orchard Apt. 656
Sheriport, KY 31724","UIFH46726296210933","christopherbryant@hotmail.com"
11182,"Christian Ray","qqxnkhkybu","2017-10-01","New Caledonia","983 Stephanie Mill
East Crystal, AK 18119","TAME68674745822169","csantos@yahoo.com"
13323,"Christopher Willis","xmzzvtsbgw","1991-09-30","Jordan","86239 Michelle Loop
Robertport, MI 17416","LOIS81702483395843","alec01@hotmail.com"
12279,"Elizabeth Oliver","bvgidirawc","1997-09-04","Trinidad and Tobago","369 Horton Junctions
Kendrabury, AK 81629","NYJI97203857610270","lpollard@gmail.com"
10798,"Donald Wilkerson","didxfjszxa","1975-10-07","Maldives","088 Amanda Burgs
South Wendyton, AZ 95928","NENK78335249029736","jblake@gmail.com"
11743,"Chelsea Simpson","igxsfzrwlq","1979-01-01","Costa Rica","4905 Porter Stream
Sparksstad, PA 68094","DVQV47808616158346","andrew57@hotmail.com"
19962,"Norma Hamilton","dxorknszka","1993-06-24","Netherlands Antilles","660 Eric Islands
Lake Connieburgh, OK 42811","JNWK17997275723088","kenneth57@gmail.com"
19233,"Roberta Clark","yocsdatxsg","1973-04-23","Belarus","Unit 6423 Box 8778
DPO AE 97922","FMGO66810091730291","kyletorres@hotmail.com"
12486,"George Kidd","eyineauvoc","2002-10-21","Myanmar","37056 Jones Way Suite 770
Lake Jamesport, IN 68017","QHVL40944414980061","mlara@gmail.com"
12138,"Jeremy Roberson","iflbuuwtzz","1999-12-02","Kuwait","Unit 9273 Box 8937
DPO AA 77458","GFYV85924793684100","dale64@hotmail.com"
17643,"Terry Griffin","ngzzcfslay","2005-10-06","Tonga","5827 Sherry Views Suite 352
West Jonathanshire, UT 86936","LSAK19320316935072","wilsonhannah@gmail.com"
11693,"Megan Thompson","etnjoevxfl","1991-02-09","Tuvalu","1950 Logan Stravenue Suite 600
New Gregorystad, WI 30498","ZTFD41305518291827","stephanierivera@gmail.com"
16738,"Andrea Singleton","vtevkfpcim","2014-05-18","Algeria","34110 Ramos Stravenue
Jimenezhaven, UT 07843","YEIJ23619296743308","cordovamegan@hotmail.com"
12265,"Rebecca Wade","nlumuyrqrq","1982-08-12","New Zealand","063 Reed Underpass Apt. 612
Port Carlfurt, NY 36725","OQMW81855471996987","ereed@yahoo.com"
14333,"Diane Parker","opjofvfyfd","2009-12-12","Honduras","Unit 9937 Box 0104
DPO AP 09764","WDYF32421280913454","perezjade@hotmail.com"
15874,"Deanna Warren","spdsjjqwvr","2004-12-16","Anguilla","648 Salinas Mills Apt. 565
New Patrickmouth, MO 76681","CZIP75650014991681","enelson@gmail.com"
12315,"Jessica Berry","dfexnjkmny","1986-12-20","Isle of Man","124 Brooks Ways Apt. 271
New Mary, MS 55712","OZVI93786840376341","alyssa39@gmail.com"
19635,"Andrea Wiggins","soflufcces","1994-07-09","Saint Vincent and the Grenadines","325 Martin Estates Suite 018
Onealhaven, HI 66270","RKQK06702729339000","omitchell@gmail.com"
15726,"Larry Caldwell","fhbdtdcswg","1990-12-18","Portugal","5330 Pam Grove
Kelleyshire, WI 81685","JCPD78567414065827","burgessmiguel@yahoo.com"
17161,"Shannon Moore","fjtdmdkung","2009-04-12","Cook Islands","36487 Jones Shores
East Brendanhaven, CA 51700","UTFZ92036046649092","wtate@yahoo.com"
16549,"Tony Harrington","tjcmfwjnrj","1988-12-30","Bahrain","2527 Hobbs Avenue Apt. 150
Nelsonfurt, SC 19983","JEQC68063159121992","haileymorris@yahoo.com"
17637,"John Tucker","pcjixddvaw","1991-01-09","Gibraltar","0365 Foster Mill Suite 434
Port Amandafort, KY 88009","EEEU93579589500405","bruce45@hotmail.com"
19332,"Kevin Lane","anlhnmtxfo","1991-08-14","Armenia","551 Juarez Brook Apt. 874
Lake Emily, NE 46975","IETQ09538479477876","tnelson@hotmail.com"
11909,"Megan Wheeler","rzhvhcrfis","1979-02-16","Trinidad and Tobago","471 Susan Extension Apt. 286
Cathyfurt, NH 39040","VYNN27370316950649","david94@hotmail.com"
17143,"Daniel Black","dplspssrum","1975-10-20","Peru","64217 James Squares Apt. 157
Navarromouth, DC 63265","KSDZ66544236761534","rsaunders@gmail.com"
10847,"Whitney Greene","cmpjfkvmla","2002-11-12","Barbados","37466 Collins Junctions
West Jacquelinehaven, IN 85885","IDRS46253872241819","grant69@yahoo.com"
15293,"Thomas Floyd","pfhdbxbwgd","1977-11-26","Myanmar","1878 West Gardens
Wrightmouth, DE 01229","WTVD61863861898419","estewart@yahoo.com"
12285,"Nathan White","bloumgdmco","2000-02-20","Benin","PSC 4831, Box 3223
APO AE 23354","ALYV21727061899382","nlutz@yahoo.com"
12423,"Rebecca Boyle","tdhxjjyhsq","1985-08-03","Maldives","USS Chan
FPO AP 08800","TMXL61204471130243","kristin22@gmail.com"
13033,"Jay Smith","jnbqdodhkx","1985-03-23","Falkland Islands (Malvinas)","7403 Scott Extension
Bradleystad, GA 92740","MCWC62607056576278","ryanteresa@gmail.com"
11817,"Francisco Clark","wlaquipxyl","1985-06-16","Iraq","04099 Carter Lakes
Jacksonville, GA 56501","LEGH64267341096368","glenn56@yahoo.com"
10261,"Sarah Little","hjlxhsvmsa","2010-09-13","Turks and Caicos Islands","207 Wilson Drives
Batesmouth, WV 66459","BETP93164186263323","john28@yahoo.com"
10227,"Mark Moore","xaimsgoloz","2016-10-12","Northern Mariana Islands","640 Crawford Ports
Jasontown, MT 69238","FTEC72103673553536","charles18@yahoo.com"
10342,"Katherine Yang","jyhfkvsccl","2009-02-20","Trinidad and Tobago","07399 Perez Mill
Johnfurt, WI 46240","OUKS14786322381685","ihancock@gmail.com"
18923,"James Salinas","wxgsqzxzyt","1994-06-14","Dominican Republic","45523 Mcconnell Grove Apt. 446
West Josephberg, NH 81027","AMPH43155463074212","hbailey@hotmail.com"
14517,"Heather Craig","prsegpvpah","1976-01-17","Cameroon","52915 Hoffman Turnpike
West Michaelshire, OH 09836","SRKV65931909915231","melindawilliams@yahoo.com"
17450,"Megan Sanders","khzffotzzj","1990-03-06","Sudan","675 Shaw Views Suite 792
Johnsonmouth, WI 78225","ZGOK08499639936129","joshuastewart@yahoo.com"
14416,"Angelica White","ncgjpziyhq","2003-03-19","Qatar","46839 Deanna Village Suite 286
North Taylor, MN 43190","IOBA22214053120209","uward@yahoo.com"
15045,"Matthew York","htpfhgqagw","1973-12-06","Malta","018 Madison Wall
Port Sarah, CO 07172","EALW43499354885598","hornjohn@yahoo.com"
13129,"Terry Cherry","foaquslibq","1992-12-22","Saint Martin","3211 Jennifer Views
Churchmouth, NJ 36190","PAJU76861170494269","gbest@hotmail.com"
15716,"Dr. Abigail Howard MD","pqtqaklwkw","1973-09-25","Chile","58916 Clark Forge
Port Sharon, IL 66049","FNIJ43644888544140","ohensley@gmail.com"
13019,"Brittany Pacheco","ycblbjishs","2016-01-26","Argentina","9093 Kathryn Ways
South Dana, CA 18381","FWDL75676526469262","joeyoung@gmail.com"
10275,"Margaret Lang","yvkgfvnndy","2020-02-20","Heard Island and McDonald Islands","4041 Nguyen River
Pagehaven, IL 45448","FIVK74479001763115","daniel72@yahoo.com"
16089,"Robert Cross","huigsnqief","1987-10-28","Marshall Islands","377 Patricia Orchard
Mallorytown, GA 99823","SATS96271648244682","hickstammy@hotmail.com"
17832,"Perry Day","ceacbmchxd","1979-09-21","Grenada","3497 Barnes Village
North Kimberly, VA 56884","SFAT26013234875164","sarah95@yahoo.com"
17605,"Alyssa Wright","jofivvhzin","2003-01-27","Kyrgyz Republic","755 Steven Villages
Kimmouth, KS 17475","LRVO39496625040860","hernandezkevin@hotmail.com"
10671,"Katrina Richard","mgyuasedfq","1973-07-09","Cambodia","91031 Mark Prairie
New Robertbury, FL 82910","QTXE79695545915571","katherinecollins@hotmail.com"
12634,"Kelly Lowery","oplqqfpqan","2012-12-26","Mali","PSC 1311, Box 9391
APO AP 70275","JJRI70662662708970","vturner@gmail.com"
15288,"Amber Hansen","jhmxusoqyo","1984-04-10","Guinea","543 Harrison Port Suite 359
Bishophaven, KY 97881","IYUD74573546031712","welchtony@hotmail.com"
13541,"Amy Kelly","bzfgabswis","1992-03-07","Saint Martin","675 Erin Glens Apt. 321
West Jasonfort, WV 18102","HAKA84105443211412","carpentermary@hotmail.com"
15997,"Cheryl King","iuaqgfzosi","1983-03-17","Central African Republic","28685 Turner Dale
Michaelland, WI 10149","LEAW25538330202811","garciabenjamin@gmail.com"
18485,"David Bell","jcnkvjieqb","2000-09-18","British Indian Ocean Territory (Chagos Archipelago)","75492 Danny Oval
Port Andrewstad, OK 30490","PBGR76089003800788","kiddjared@yahoo.com"
17388,"Adam Lambert","ugjjnyboyv","2011-10-03","India","1798 Hinton Expressway
Port Anthony, IN 85324","PROY79982144626579","vrobinson@gmail.com"
17916,"Hannah Lambert","ykftfygblc","1987-01-01","Poland","02083 Garcia Coves Suite 512
New Travis, MD 44498","ARCP06305459897175","iburgess@hotmail.com"
15763,"Eddie Gentry","xjazkyzixi","1988-04-21","Jordan","93871 Thomas Islands Suite 735
Port Christineburgh, NE 05900","SALT32740760639815","clinton23@hotmail.com"
11209,"Dr. Nicole Taylor","otycbzjmlm","2005-07-25","Mauritius","Unit 5975 Box 6138
DPO AA 23820","UJHA25261513966293","caldwellanthony@yahoo.com"
18172,"Shelly Stokes","eoevbuvuok","1982-03-10","Puerto Rico","020 Penny Lodge Suite 114
Aliciaside, NM 05665","VJFF43988695682406","qgarcia@gmail.com"
14123,"Eric Phelps","wkojwosztf","1985-12-22","Costa Rica","55916 Joseph Cape Apt. 872
Lake Ashley, NM 73532","PZOQ27356259358122","markluna@gmail.com"
15161,"Joshua Bradley","ambamufpmb","1981-12-02","Czech Republic","1494 Albert Stream Suite 355
Kathleenland, VA 63252","ZVVR85688363036662","flemingkyle@yahoo.com"
17176,"Michael Lee","uivwhealhr","2008-04-23","Anguilla","87534 Jackson Fords
West Charlesberg, ME 64479","YWRP85952777394384","michaelguzman@hotmail.com"
13018,"Ray Meadows","wiwpcaaxxe","1991-11-26","Macedonia","48304 James Camp Apt. 108
Lake Christopherstad, MS 32704","KPBU30304185931271","julie79@hotmail.com"
16958,"Jessica Ramos","cvujvagzfs","1973-06-05","Afghanistan","3767 Nicholas Fort Apt. 511
South Howard, WY 03603","LJOT56493556183569","rickyleblanc@yahoo.com"
16038,"Ian Thornton","czxkuivevl","2018-01-24","France","00136 Dyer Shores Apt. 370
Kimberlymouth, AZ 61302","OKLH26776786192957","apope@gmail.com"
15212,"Sharon King","nnkzrgaoye","1977-05-09","Bosnia and Herzegovina","612 Dennis Loaf
Greenport, IL 56482","MNOL73594215368991","mcastillo@yahoo.com"
14689,"Daniel Odonnell","rzebbbycau","1985-12-24","Montserrat","84801 White Expressway
East Ashley, OK 34823","NVYI15818496773494","teresakennedy@yahoo.com"
15842,"Kristine Morris","keevzeidiy","1983-08-22","Chad","229 Smith Trafficway
North Sarahborough, WA 26108","HVPF77393048345518","bdunlap@yahoo.com"
17064,"Joseph Evans","jrbykgyvcn","1990-07-29","Sri Lanka","572 Navarro Courts Apt. 200
Jenniferside, WA 45170","GMWQ29421939480636","kevinjones@hotmail.com"
11668,"David Nguyen","idwmbqedtk","1975-06-11","Sudan","460 Alexander Plain Suite 561
East Catherine, DE 14763","JVNN22005603558669","juanmorgan@yahoo.com"
15030,"Julian Walker","hafhypehfe","1978-08-23","Djibouti","PSC 3011, Box 2109
APO AE 10883","QTYK84223508044596","edwarddavid@gmail.com"
16927,"Henry Smith","jmoewubqpx","2016-03-05","Philippines","23902 Zachary Way
Garcialand, MT 95793","GEKN97417124909273","elizabethadams@yahoo.com"
13521,"Jacqueline Mitchell","ulueaeljsm","1971-12-27","Turkey","160 Hull Neck
South Jamesburgh, NJ 69590","GTPB25472153282764","rachelcampbell@yahoo.com"
11478,"Jason Allen","axygzkrszb","2017-11-07","Philippines","922 Marshall Cape Apt. 653
Anthonybury, WV 73863","QSZU63443574797825","williamsjonathan@hotmail.com"
19377,"Selena Nelson","rfohrndwpu","1987-08-17","Faroe Islands","53992 Fisher Bypass Suite 290
Lauraberg, NE 12912","IEVO68087748533376","marissaharmon@yahoo.com"
16573,"Christopher Powell","nmmxbkeqdm","2017-04-21","Equatorial Guinea","6866 Cooper Island
Newtonside, SD 87791","TFKM05895149125443","lcharles@gmail.com"
15327,"Troy Jones","cikfdvbzfe","1987-11-19","Niger","7506 Foster Avenue Apt. 867
Lake Gary, LA 01708","WWBC88782414743845","wolfjennifer@hotmail.com"
14543,"David Frank","uzqkjwyvzk","1992-03-27","Palestinian Territory","97975 Myers Trail
Gardnerport, VT 92397","JXOQ07660871448517","daniel52@hotmail.com"
11667,"Albert Miller","jgtbgbbzvp","2017-07-04","Kazakhstan","5538 Shaw Street Apt. 980
Rollinsshire, UT 82169","SOTC44280639014521","davidburke@yahoo.com"
18084,"Belinda Randall","fmephcamaj","1977-12-29","Bahrain","09155 Ward Groves Suite 816
West Amberhaven, MN 74158","AMUX10047609138550","savannahnavarro@yahoo.com"
18448,"Heather Reed","sfkqwkcldl","2002-09-18","British Indian Ocean Territory (Chagos Archipelago)","4474 Obrien Mission
Robertberg, HI 55953","YAJJ53114812359728","erik79@gmail.com"
14035,"Jacob Alvarez","bdyxqxrhzi","1998-10-27","Cote d'Ivoire","Unit 3076 Box 4943
DPO AE 09616","EZPI79634725110449","alvarezdanielle@yahoo.com"
19215,"Sarah Buckley","rcefavoavm","1995-03-12","Slovenia","764 Jesse Spring
Jessicastad, LA 78895","RBSE59298384180858","wrightethan@yahoo.com"
14482,"Allison Day","qwvtgzbvwl","2013-11-14","Ireland","310 Jimenez Drive Suite 897
Lake Marie, NH 63834","AKVC62369589651537","oflores@gmail.com"
18291,"Lori Salinas","buhddgxsve","2009-09-12","Benin","5664 Teresa Throughway
Kellyshire, NY 29556","SDCE95644985010830","tgonzales@hotmail.com"
14531,"Lindsay Green","izzzibjbdf","2016-02-18","Guernsey","468 Maria Lock
Kaylaborough, ME 94894","TECE85438743428498","hector27@gmail.com"
14674,"Amanda Knox","sbrmnsthda","2012-08-09","Sweden","56695 Friedman Walk Suite 232
Kennedyshire, VT 79919","MOBC55307031708674","garnermichael@gmail.com"
11939,"Henry Sullivan","kmuupvavnb","1981-06-26","Korea","20233 Joel Drive
Erikaland, DE 51223","VENO47994265479233","jillianhall@yahoo.com"
10330,"Mark Johnson","mayowramwv","1993-11-15","Bermuda","3547 Cruz Courts
Bakermouth, HI 54296","XSEY62332125140946","jeffreycopeland@gmail.com"
13136,"Kenneth Williams","fmmmpxwlhc","2010-09-12","Malaysia","2029 Amanda Meadow
Smithton, WI 21959","FKFY55006065671671","toddenglish@hotmail.com"
10556,"Melissa Molina","yhjkvtwoar","2015-07-29","Colombia","3900 Mayer Unions
North Michael, AL 84363","IFEN25974383608439","christopherdavis@yahoo.com"
15457,"Charles Grant","oxzkpbowpx","1976-04-12","Niger","USCGC Johnson
FPO AE 27436","EPMF47241463553190","pricealicia@gmail.com"
15155,"Rachel Gill","jljwfeyeiq","2012-12-01","Kazakhstan","7078 Butler Island
Christinaberg, MS 17953","RWZS21785835443568","weberlinda@yahoo.com"
11012,"Sarah Sanders","vgacsytdxd","1995-03-20","Norway","040 Hall Turnpike Apt. 220
Jamesfort, DC 19384","QOQX56138164430652","sullivanlisa@hotmail.com"
16486,"Joshua Black","wsifymqsmu","1984-01-29","Monaco","1915 Veronica Courts
Richardbury, MI 83275","JCYM53475539341131","bullockeric@gmail.com"
13924,"Cindy Martinez","xitsmnqici","1973-05-12","Hungary","163 Jennifer Field
West Alecshire, IN 87443","ZEHB43516683554755","nicole37@gmail.com"
12452,"Diana Anderson","qfmrwmxmbd","1991-07-11","Slovenia","789 Wong Lights Suite 702
Port Michelle, NE 88406","EQVI36632959472298","kayla33@hotmail.com"
19054,"Kathryn Pena","gtgjexoxwj","2000-03-30","Angola","1767 Ewing Row
Lake Briannashire, TN 31289","ZTFE43568974079334","anthonyvang@yahoo.com"
17322,"Brandy Smith","dywhptptno","2011-12-26","Iran","119 John Village Suite 109
Lake Brianfort, AZ 14085","RUGF56129800741024","alicialawson@yahoo.com"
12178,"Matthew Jones","silvgulloy","1989-07-27","Yemen","05777 Newman Port Apt. 117
West Jessicaberg, VT 03385","OVHO93249821896747","shanecallahan@gmail.com"
12811,"Victoria Thomas","fievpvildc","1976-08-31","Japan","312 Ricardo Glens Apt. 265
Nguyenshire, ID 02325","JMIZ53269123566037","morganjessica@yahoo.com"
19423,"Jason Sanchez","pmsmwzkmbd","2002-04-28","Norfolk Island","91575 Munoz Shoals Suite 345
East Kathleenview, UT 05666","PMDC50471695316550","dennisdavid@hotmail.com"
11782,"Michael Harris","rqlxdfjhta","2018-01-28","Lesotho","82368 Randy Lakes Apt. 872
East Kimberlyland, WV 82500","DNOI67169301014823","sodonnell@gmail.com"
13896,"Crystal Jones","guraryanmb","1971-01-21","Svalbard & Jan Mayen Islands","40265 Cruz Overpass
Garciastad, MN 92966","GMIO82674941336796","annagallegos@yahoo.com"
14546,"Michael Ho","cxaipqukej","1986-03-03","Bouvet Island (Bouvetoya)","245 Gomez Station Suite 254
Nancyhaven, MO 44109","OXNF32130646127744","fbell@gmail.com"
14221,"Kyle Brown","wvnoshewul","1986-08-12","Argentina","0966 Snyder Meadow
Jonesborough, HI 20777","NBDC01067275575397","janice72@yahoo.com"
18902,"John Evans","acapstrqvy","1973-07-27","Chad","0789 Rose Overpass
Wyattfurt, AZ 73719","DBEG91367162119586","coleemily@hotmail.com"
12402,"Dr. Joan Schmidt","qxqgicefcx","1970-03-23","Zambia","5843 Hall Ville Apt. 372
Robertsport, OH 07584","RJSI38751883946864","tara42@gmail.com"
19157,"Kevin Knox","dhagfxdrpr","1974-02-25","Vietnam","48810 Young Key
Kristachester, MD 60435","HJAT32045750716285","christiewalters@yahoo.com"
19205,"Michelle Nichols","gghowrzdge","1998-08-29","Tanzania","Unit 2095 Box 8434
DPO AE 50361","TEUD82715100097747","adam66@gmail.com"
18948,"Kara Nguyen","gnudppyzpm","2011-04-01","Barbados","22181 Walters Plaza
South Jamesberg, VT 30262","TPLL46974284602610","stewartrobert@gmail.com"
12758,"Charles Cline DDS","whmtsdtqkd","2017-12-28","Korea","17882 Bryant Fort
Kellerhaven, WV 41158","IRFG50417586832910","kristensims@gmail.com"
17944,"Sheila Gonzalez","whrfhlbykt","2005-03-24","Grenada","366 Martin Station
New Michael, WV 08332","LBBP10093834999892","dustinsmith@gmail.com"
10862,"Tyrone Brown","pfxpezxavk","2001-04-13","Kyrgyz Republic","604 Marisa Falls Apt. 081
Port Williamside, KY 91166","KZXV33011079658282","rcross@yahoo.com"
14347,"Jose Long","objlwcjopw","1979-02-16","Thailand","39939 Campbell Extensions Apt. 035
Glennmouth, MA 94228","ZRSV65287726381946","alexavasquez@hotmail.com"
19607,"Kaitlin Mccarthy","ojvehchubm","2016-03-29","Sierra Leone","690 Horne Ville Suite 091
Jofort, MS 15994","PBSZ94028468862483","ronald28@yahoo.com"
10605,"Diane Williams","vamhekennv","1984-05-29","Gambia","9595 Kevin Canyon
Mitchellton, SD 64639","RQVS87539405051858","nguyenpaul@hotmail.com"
11730,"Samantha Mitchell","aggvigxvjq","2015-05-03","Isle of Man","8118 Ewing Meadow
Alexandriaside, WI 01048","DMQD60453539496374","roweandrew@hotmail.com"
19776,"Rebecca Holmes","ahtesxmqaj","1983-11-03","French Polynesia","4129 Abbott Isle Apt. 410
Barryburgh, WV 93447","HPGD53265210558789","vstone@yahoo.com"
10880,"Melanie Harrell","aupvbypxzz","1974-11-24","France","746 Madison Street
Kristatown, SC 01754","GXJB56961287013042","paynebryan@gmail.com"
18511,"Harry Morris","quizfvedmi","2003-11-03","Ghana","85183 Bowen Lane Apt. 586
West James, TX 64378","TSNP15643428061715","hernandezvalerie@hotmail.com"
17713,"Frederick Vazquez","fychkqbqvy","1979-09-14","Canada","75490 Buck Corners Suite 753
Susanbury, ID 90899","ARFI01042144274041","foxkaren@yahoo.com"
17802,"Cheryl Conley","xhymhiycrc","1978-12-15","Syrian Arab Republic","025 Darren Forges Apt. 719
Caitlinview, VT 26224","OOXK85590795418432","frenchaustin@yahoo.com"
19466,"Kimberly Gonzales","imxvbysrva","1989-05-03","Syrian Arab Republic","78903 Moore Rapid Suite 448
Hullchester, VA 32549","CAUB59578803303400","lutzwilliam@yahoo.com"
19494,"John Owens","hhssbtvkga","1973-05-09","Norway","539 Eileen Trail Apt. 334
New Lindaland, IL 95324","SWRQ41949071527978","jeremytaylor@gmail.com"
13489,"Jessica Harris","zguzvwgpyl","2012-02-08","Papua New Guinea","USCGC Anderson
FPO AE 89632","BKWY48473384488650","nicole38@gmail.com"
16322,"Amanda Lewis","spfhqvedcl","2017-08-22","New Caledonia","68621 Kennedy Meadows Apt. 978
Port Richardstad, DE 12469","BTCB37398553704876","sancheznathan@hotmail.com"
12828,"Catherine Cantrell","gkajpuprwe","1985-05-14","Antarctica (the territory South of 60 deg S)","00058 Corey Route Apt. 325
Port Ronaldstad, MT 88314","JMCJ89597085619185","jose13@hotmail.com"
16836,"Rebecca May","bxbkmmjvnc","1988-12-31","Iran","022 Cox Street
South Josephstad, VT 37210","QGRB92866407215211","pagewilliam@gmail.com"
10720,"Justin Smith","zhilkhwhpi","2000-01-31","Vietnam","322 Jones Springs Suite 197
Jamesmouth, OK 28841","ADEI61657299387344","kristenbrown@hotmail.com"
14465,"Douglas Robertson","nlthbchegz","2004-09-10","Cambodia","56915 Stephanie Shores
Smithbury, MN 85084","PPJD11944142443995","tonyharris@yahoo.com"
17001,"Greg Little","bddarjwccu","2005-12-04","Tunisia","4747 Wendy Isle Suite 982
Reedberg, WV 44623","BPSH75275093903441","vholden@gmail.com"
14496,"Brittany Mccoy","ngttgvssch","2013-12-03","Turkey","002 Pham Islands
South Nataliefort, UT 33543","JOVP72452832816718","vincent37@hotmail.com"
11727,"Bridget Cooley","qpyppzcovu","1984-11-19","Turkey","12751 Sonya Fields
Michaelbury, NY 54882","UZRG19900800672716","matthewoneill@gmail.com"
19170,"Darren Solomon","bqnzscczia","1984-09-01","Monaco","46588 Ellis Drive Suite 354
Silvaberg, OK 87244","XCHI93874313099981","owhite@yahoo.com"
10693,"Zachary Velasquez","pthcvbbwqn","1999-04-15","Croatia","3273 Lynn Islands
Boydberg, TN 51383","WQXV64257145053774","mcdanieljamie@yahoo.com"
10068,"Jordan West","rswpkovtyr","2012-07-16","Ukraine","PSC 4072, Box 4625
APO AP 23330","XRJS66267892129152","qlopez@yahoo.com"
14635,"William Brown","fvdrqwgpbn","2008-05-19","Tunisia","36530 Thomas Union Suite 205
New Eric, DC 08459","XHSX34673205206725","wspears@yahoo.com"
11605,"Joseph Vasquez","jgixwsxtkn","2019-11-16","Burundi","USNV Skinner
FPO AA 28001","DEVL99279502375003","lrodriguez@yahoo.com"
18630,"Laura Baker","jealnvecdy","2006-01-08","Denmark","36686 Johnson Ridges Apt. 751
North Barbaraburgh, LA 98493","AZRE82522859806256","goodmandeborah@yahoo.com"
15488,"Misty Singh","tkzdpckdty","1991-07-31","India","198 Jennifer River Apt. 116
Melissafurt, LA 74275","KWJG99962944955186","michaelchristensen@hotmail.com"
15240,"Samantha Pena","zuifaxrgns","1989-08-10","Turkmenistan","83017 Richardson Mill
Monicashire, KY 23852","NPGF20266100089501","john43@hotmail.com"
19391,"Monica Gutierrez","bbajrftccw","1985-07-08","Tunisia","165 Murphy Fall Suite 174
Port Jeffrey, SC 14487","TJCP91421229602842","fkim@yahoo.com"
15037,"Meghan Randall","ladcankemv","1991-04-19","Kyrgyz Republic","430 Hughes Glens Suite 791
South Richard, NM 69379","ZUVV42027226517265","manuelbaker@gmail.com"
12892,"Patrick Sweeney","qcsvcedudz","1999-04-12","Anguilla","5293 Isaac Club
Tanyaport, PA 31127","QMDV09036766845257","jose24@yahoo.com"
12729,"Danielle Simpson","mlxfsvaxqd","1986-12-13","Solomon Islands","7421 Shawn Views
Lake Cherylfurt, KY 77278","MTZJ22061349104080","tmedina@hotmail.com"
10579,"Theresa Ochoa","gcuspulxtn","2002-02-04","Sao Tome and Principe","8540 Christina Drives
North Alexander, OH 46575","UWBF23068096642702","snyderjeremy@hotmail.com"
17754,"Jason Mills","mhaorufscm","2000-01-01","British Virgin Islands","3389 Richardson Gateway Apt. 909
Rasmussenberg, WV 60139","SEVE94619313922792","thomasthomas@yahoo.com"
15541,"William Jensen","xroqnjtugi","1986-06-24","Cote d'Ivoire","8847 Samuel Drive
East Meghanmouth, KY 06183","CWYO39776307486644","elizabethyoung@yahoo.com"
16045,"Peter Salas","gsinvjeqwx","2015-05-26","Monaco","407 Garrison River Suite 097
West Ricardo, OR 66366","SXYU11626990993427","yhill@gmail.com"
18317,"Jacob White","cafzlphkgf","2018-03-29","Czech Republic","192 Samantha Highway
Christineshire, ND 89161","TRXE67477731707883","kimberly92@yahoo.com"
